0,Binary,Title
0,1,"[42, 56, 2, 100, 12, 133, 101, 78, 9]"
1,0,"[517, 290, 2, 28, 8, 246]"
2,0,"[5, 8, 518, 410, 10, 57, 519, 102, 40, 1, 722, 723, 334, 335, 520]"
3,0,"[68, 2, 336, 17, 38, 291, 337, 292, 1]"
4,1,"[15, 2, 247, 10, 126, 9]"
5,0,"[78, 4, 116, 79, 4, 14]"
6,0,"[16, 2, 6, 3, 724, 411, 69]"
7,0,"[7, 725, 71, 726]"
8,0,"[338, 2, 86, 85, 727, 8, 158, 98, 43, 1]"
9,0,"[45, 85, 159, 5, 2, 41, 248, 173, 521, 44, 87, 19, 80, 1, 2, 41, 248, 173, 174, 728, 190]"
10,1,"[7, 159, 69, 70, 729, 412, 730, 23, 1]"
11,0,"[4, 731, 522, 59, 4, 14]"
12,0,"[68, 5, 2, 11, 36, 175, 64, 99, 1, 36, 175, 64, 191, 32, 249, 18, 46, 65, 91]"
13,0,"[68, 2, 17, 38, 211, 212, 250, 17, 38, 213]"
14,0,"[16, 15, 81, 732, 523, 22, 8, 19, 34]"
15,0,"[176, 28, 117, 12, 27]"
16,1,"[2, 47, 140, 192, 126, 177, 9]"
17,0,"[4, 733, 734, 413, 79, 524, 4]"
18,1,"[15, 81, 251, 339, 525, 190, 247, 414, 9]"
19,0,"[13, 2, 109, 252, 158, 178, 20]"
20,1,"[159, 141, 134, 2, 340, 735, 103, 526, 9]"
21,0,"[16, 60, 214, 415, 160, 527, 528, 19]"
22,0,"[13, 529, 736, 737, 738, 341, 739, 530, 1]"
23,0,"[72, 10, 293, 102, 15, 27, 15, 27, 416, 40, 40, 1, 531, 520]"
24,0,"[68, 2, 32, 36, 3, 99, 161, 43, 91, 1]"
25,0,"[215, 2, 216, 342, 193, 8, 417, 9, 34]"
26,0,"[68, 2, 194, 140, 195, 64, 740, 104, 65, 1]"
27,0,"[16, 60, 532, 22, 217, 22, 8, 19, 34]"
28,0,"[16, 15, 533, 22, 8, 19]"
29,0,"[5, 81, 61, 58, 4]"
30,0,"[517, 290, 2, 28, 8, 246, 142, 1]"
31,0,"[16, 2, 741, 37, 343, 294, 162, 24]"
32,0,"[110, 2, 12, 253, 133, 143, 111, 254, 1]"
33,0,"[110, 8, 190, 15, 86, 12, 344, 102, 218, 40, 1]"
34,0,"[48, 2, 255, 44, 6, 3]"
35,0,"[21, 3, 15, 2, 418, 295, 419, 6, 57, 219, 742, 196, 3, 1]"
36,0,"[48, 2, 256, 197, 6, 118, 18, 3]"
37,0,"[48, 2, 257, 179, 6, 3]"
38,0,"[48, 2, 112, 296, 6, 118, 18, 3]"
39,0,"[48, 2, 258, 6, 3]"
40,0,"[176, 28, 117, 12, 27]"
41,0,"[5, 2, 57, 219, 345, 10, 116, 6, 3]"
42,0,"[2, 28, 17, 24, 420, 49, 290, 534, 38, 62]"
43,0,"[21, 3, 15, 2, 346, 347, 348, 259, 6, 22, 8, 18, 19, 34]"
44,0,"[2, 50, 743, 744, 53, 349, 350, 56, 1]"
45,1,"[2, 25, 73, 26, 142, 1]"
46,0,"[176, 351, 745, 82]"
47,0,"[2, 260, 10, 349, 350, 56, 1]"
48,0,"[5, 180, 15, 27, 72, 220, 39, 161, 3, 1]"
49,0,"[68, 88, 5, 2, 352, 39, 3, 1]"
50,0,"[221, 222, 223, 119, 89, 421, 89, 4, 14]"
51,0,"[21, 30, 3, 2, 21, 30, 6, 57, 30, 163, 11, 3, 1]"
52,0,"[2, 135, 51, 11]"
53,0,"[68, 2, 261, 262, 46, 1]"
54,0,"[16, 297, 90, 353, 12, 354, 60, 81, 22, 8, 19]"
55,0,"[746, 747, 748, 529, 749, 750, 224]"
56,1,"[164, 27, 73, 26]"
57,0,"[4, 103, 12, 535, 4, 14]"
58,0,"[2, 86, 144, 8, 18, 11, 98, 43, 1]"
59,1,"[13, 2, 78, 118, 252, 9, 1, 751, 752, 93]"
60,0,"[2, 135, 51, 11]"
61,1,"[7, 159, 536, 9, 1]"
62,1,"[13, 5, 263, 11, 264]"
63,1,"[7, 159, 2, 355, 9, 1]"
64,0,"[112, 8, 24, 33, 753, 754, 537, 755, 24, 538, 9]"
65,0,"[68, 2, 17, 38, 211, 212, 250, 17, 38, 213]"
66,1,"[422, 539, 540, 23, 32, 249, 9]"
67,1,"[2, 423, 145, 26, 756, 265, 298, 9, 1]"
68,1,"[159, 2, 541, 29, 3, 1]"
69,1,"[7, 159, 2, 356, 9, 1]"
70,0,"[16, 2, 424, 22, 8, 19, 1]"
71,0,"[120, 11, 127, 136, 3, 1]"
72,0,"[13, 8, 299, 13, 121, 266, 18, 19, 158, 178, 20]"
73,1,"[7, 159, 2, 267, 9, 1]"
74,0,"[2, 11, 175, 64, 36, 99, 1, 32, 36, 3, 65, 91, 1]"
75,0,"[4, 757, 758, 413, 357, 165, 122, 759, 89, 4]"
76,0,"[2, 760, 86, 542, 69, 542, 261, 262, 195, 64, 41, 358, 74, 195, 64, 36, 62]"
77,1,"[81, 761, 251, 359, 64, 9, 126]"
78,0,"[522, 88, 2, 166, 94, 11, 51, 34]"
79,0,"[85, 543, 10, 300, 762, 544, 300, 40, 3, 56, 83]"
80,1,"[7, 545, 265, 298, 9]"
81,1,"[159, 2, 301, 9]"
82,1,"[7, 7, 225, 78, 9]"
83,1,"[27, 141, 134, 73, 26]"
84,0,"[110, 2, 42, 425, 6, 54, 1]"
85,0,"[145, 3, 2, 37, 426, 12, 24, 6, 22, 8, 3, 1]"
86,0,"[2, 135, 51, 11]"
87,0,"[2, 302, 763, 56, 1]"
88,0,"[110, 2, 12, 253, 133, 143, 111, 38, 293, 133, 303]"
89,0,"[21, 30, 3, 2, 11, 21, 30, 6, 3, 1]"
90,0,"[68, 88, 5, 2, 95, 75, 198, 39, 63]"
91,0,"[21, 6, 3, 2, 21, 6, 11, 3, 142, 764, 765, 1]"
92,0,"[21, 30, 3, 2, 21, 30, 6, 57, 30, 163, 3, 1, 163, 18]"
93,1,"[13, 8, 299, 13, 121, 266, 9, 1, 32]"
94,0,"[68, 88, 5, 2, 95, 75, 198, 39, 63]"
95,0,"[45, 5, 2, 45, 76, 90, 6, 304, 305, 54, 105, 268, 62]"
96,0,"[16, 60, 766, 427, 546, 547, 160, 118, 85, 22, 8, 19]"
97,0,"[5, 106, 306, 548, 360, 549, 226, 360, 1]"
98,0,"[5, 106, 15, 27, 416, 39, 161, 3, 1]"
99,0,"[21, 2, 21, 6, 196, 109, 121, 6, 6, 54, 1]"
100,0,"[16, 15, 2, 428, 37, 343, 294, 162, 429, 24]"
101,0,"[48, 2, 128, 550, 22, 8, 19, 80, 227, 1]"
102,0,"[2, 141, 134, 6, 18, 56, 1]"
103,1,"[430, 269, 551, 160, 431, 10, 23]"
104,0,"[2, 112, 37, 17, 24, 12, 24, 432, 9, 1]"
105,0,"[78, 4, 116, 79, 4, 14]"
106,0,"[552, 88, 174, 199, 59, 4]"
107,0,"[553, 554, 555, 26, 199, 59, 14]"
108,0,"[61, 361, 556, 200, 34, 307, 201]"
109,0,"[60, 75, 345, 433, 79, 96, 49, 9]"
110,0,"[5, 2, 49, 2, 96, 49, 767, 362]"
111,0,"[2, 46, 129, 181, 201, 434, 224, 557]"
112,0,"[45, 2, 45, 76, 90, 6, 304, 305, 105, 18, 19, 182, 69, 146, 558, 435, 167, 1, 83]"
113,1,"[164, 27, 73, 26]"
114,0,"[2, 228, 18, 56, 1]"
115,0,"[768, 436, 12, 437, 4, 116, 177, 9]"
116,0,"[103, 12, 535, 4, 14]"
117,0,"[5, 411, 769, 116, 183, 3, 56, 1]"
118,0,"[5, 2, 25, 438, 9, 1]"
119,0,"[5, 106, 306, 32, 224, 226, 360, 1]"
120,0,"[559, 44, 229, 560, 561, 4, 270, 439, 9]"
121,0,"[68, 88, 5, 2, 95, 75, 198, 39, 63]"
122,0,"[2, 86, 144, 8, 162, 562, 363, 1]"
123,0,"[2, 86, 144, 8, 308, 98, 43, 1]"
124,0,"[440, 24, 88, 12, 770, 364, 59, 4, 14]"
125,0,"[2, 771, 18, 195, 64, 32, 36, 3, 365, 1]"
126,0,"[2, 441, 259, 69, 99, 32, 772, 134, 773, 86, 8, 46, 129, 365, 1]"
127,0,"[68, 88, 5, 2, 95, 75, 198, 39, 63]"
128,0,"[7, 32, 36, 3, 442, 443, 366, 113, 29, 44, 774]"
129,0,"[68, 88, 5, 2, 95, 75, 198, 39, 63]"
130,0,"[68, 88, 5, 2, 95, 75, 198, 39, 63]"
131,0,"[775, 65, 105, 2, 32, 36, 3, 65, 303, 1]"
132,0,"[13, 202, 202, 776, 777, 202, 13, 778, 23]"
133,0,"[2, 46, 129, 181, 309, 18, 64, 18, 271, 104, 46, 129, 181, 1]"
134,0,"[2, 135, 51]"
135,1,"[563, 779, 433, 192, 10, 444, 9]"
136,0,"[68, 88, 5, 2, 95, 75, 198, 39, 63]"
137,0,"[110, 564, 70, 183, 8, 218, 102, 334, 335, 203, 20]"
138,0,"[2, 113, 147, 80, 565, 566, 254]"
139,0,"[68, 88, 5, 2, 95, 75, 198, 39, 63]"
140,0,"[2, 141, 134, 6, 3, 56, 1]"
141,0,"[45, 2, 45, 76, 90, 6, 304, 305, 105, 182, 69, 146, 558, 435, 167, 1, 83]"
142,0,"[120, 11, 127, 136, 3, 1]"
143,0,"[45, 5, 2, 41, 248, 173, 174, 44, 87, 19, 80, 1]"
144,0,"[110, 42, 8, 101, 148, 149, 150, 27, 92]"
145,0,"[7, 70, 106, 29, 107, 20]"
146,0,"[445, 780, 72, 10, 168, 169, 9]"
147,0,"[7, 130, 70, 24, 33, 781, 567, 170, 7, 225]"
148,0,"[5, 106, 72, 105, 446, 272, 367, 3, 1, 108]"
149,0,"[106, 15, 27, 72, 105, 445, 306, 310, 273, 3, 1]"
150,0,"[27, 72, 220, 568, 272, 367, 230, 167, 1]"
151,0,"[2, 569, 46, 3, 201, 104, 46, 129, 181, 201, 142, 1]"
152,0,"[45, 5, 2, 45, 76, 90, 6, 311, 54, 105, 268, 62]"
153,0,"[110, 2, 12, 253, 133, 143, 44, 8, 19, 80, 1]"
154,0,"[68, 2, 17, 264, 211, 104, 17, 38, 213]"
155,0,"[2, 782, 273, 56, 1]"
156,1,"[81, 251, 359, 247, 10, 444, 9]"
157,0,"[4, 119, 89, 783, 447, 59, 4, 14]"
158,0,"[2, 570, 571, 572, 448, 39, 98, 105, 2, 32, 36, 3, 162, 363, 1]"
159,0,"[42, 2, 101, 44, 92, 19, 784, 80]"
160,1,"[27, 141, 134, 73, 26]"
161,0,"[16, 2, 312, 368, 369, 449, 151, 114, 313, 8, 3]"
162,0,"[176, 450, 152, 82]"
163,0,"[2, 573, 785, 190, 231, 100, 786, 574, 575, 576, 46, 3, 53, 1]"
164,0,"[2, 32, 36, 3, 113, 451, 370, 577, 274, 452]"
165,0,"[5, 106, 15, 27, 72, 220, 69, 146, 18, 3, 56, 1]"
166,0,"[16, 60, 787, 523, 151, 160, 22, 8, 19]"
167,0,"[2, 39, 116, 169, 453, 40, 8, 9]"
168,0,"[5, 66, 52, 17, 128, 227, 314, 1]"
169,0,"[2, 25, 302, 3, 56, 1]"
170,0,"[78, 4, 79, 4, 18, 14]"
171,0,"[13, 61, 153, 788, 371, 1]"
172,1,"[7, 72, 10, 168, 70, 184, 11, 23, 1]"
173,0,"[454, 59, 4, 14]"
174,0,"[31, 35, 315, 2, 372, 373, 37, 31, 374, 154, 24, 1]"
175,0,"[31, 35, 315, 2, 312, 31, 35, 3, 315, 1]"
176,0,"[5, 66, 52, 17, 113, 147, 28, 578, 102, 375, 1]"
177,0,"[5, 155, 204, 100, 99, 118, 199, 29, 18, 9]"
178,1,"[164, 27, 73, 26]"
179,0,"[553, 554, 555, 26, 232, 14]"
180,0,"[61, 66, 152, 455, 789, 579, 1]"
181,0,"[2, 228, 56, 1]"
182,0,"[103, 103, 790, 791, 4, 34, 98, 1]"
183,0,"[74, 41, 10, 25, 74, 3, 91, 1]"
184,0,"[2, 792, 3, 1]"
185,0,"[5, 66, 52, 17, 275, 38, 793, 65]"
186,1,"[27, 141, 134, 73, 26, 3, 794, 108]"
187,1,"[795, 579, 69, 796, 260, 10, 444, 9]"
188,0,"[2, 580, 3, 1]"
189,0,"[316, 103, 61, 194, 426, 797, 33, 316, 103, 798, 307, 56, 1]"
190,0,"[276, 4, 317, 233, 376, 234, 119, 89, 59, 4, 14]"
191,0,"[120, 11, 127, 136, 3, 1]"
192,0,"[10, 14, 581, 799, 235, 800, 582, 583, 96, 801, 4]"
193,0,"[317, 233, 376, 234, 169, 171, 4, 14]"
194,0,"[2, 25, 226, 39, 3, 56, 96, 49, 25, 456, 584]"
195,1,"[5, 377, 11, 277, 1]"
196,0,"[5, 66, 52, 17, 212, 1]"
197,0,"[45, 93, 2, 45, 76, 90, 6, 311, 105, 585, 586, 182, 69, 146, 587, 167, 1, 83]"
198,0,"[78, 4, 79, 4, 18, 14]"
199,1,"[422, 539, 540, 23, 9]"
200,0,"[110, 42, 8, 101, 148, 149, 150, 27, 92]"
201,0,"[176, 28, 117, 12, 27]"
202,0,"[5, 66, 52, 17, 11, 18, 32, 36, 3, 98, 46, 161, 1]"
203,1,"[7, 28, 70, 44, 92, 29]"
204,1,"[7, 7, 73, 26, 106, 29]"
205,0,"[6, 318, 80]"
206,1,"[7, 366, 113, 378, 29]"
207,1,"[7, 77, 71, 2, 802, 7, 70, 106, 29]"
208,1,"[7, 72, 10, 168, 70, 184, 11, 23, 1]"
209,0,"[588, 589, 171, 79, 4, 14, 803, 457, 129, 87]"
210,1,"[122, 804, 805, 379, 278, 23]"
211,0,"[7, 77, 71, 450, 152, 806, 807, 808]"
212,0,"[110, 564, 70, 183, 8, 218, 102, 83]"
213,0,"[47, 131, 47, 131, 809, 810, 23, 1]"
214,0,"[31, 35, 811, 380, 273, 35, 458, 812, 24, 381, 53, 1]"
215,0,"[2, 128, 147, 590, 268, 53, 1]"
216,0,"[2, 128, 314, 111, 38, 1]"
217,0,"[13, 561, 74, 1]"
218,1,"[66, 10, 168, 169, 126, 9]"
219,0,"[446, 171, 59, 4, 14]"
220,0,"[588, 589, 171, 79, 4, 14, 297, 813, 457, 129, 87]"
221,0,"[16, 2, 814, 22, 217, 215, 22, 8, 19]"
222,0,"[5, 66, 52, 17, 18, 32, 36, 3, 65, 98, 1, 93]"
223,0,"[591, 3, 2, 346, 347, 348, 259, 85, 6, 3, 1]"
224,0,"[2, 113, 147, 375]"
225,0,"[2, 128, 815, 91, 1, 592, 135]"
226,0,"[816, 817, 433, 818, 819, 24, 114, 58, 4, 34]"
227,0,"[5, 66, 52, 17, 18, 32, 36, 3, 65, 98, 1, 93]"
228,0,"[7, 77, 71, 61, 382, 820]"
229,0,"[13, 593, 594, 185, 821, 822, 1, 823, 383, 824]"
230,0,"[5, 66, 52, 17, 18, 65, 32, 36, 3, 98, 1]"
231,0,"[55, 825, 38, 1]"
232,0,"[826, 595, 459, 165, 59, 4, 14]"
233,0,"[596, 319, 59, 4, 14]"
234,0,"[221, 222, 223, 119, 89, 421, 89, 4, 14]"
235,1,"[5, 460, 28, 23]"
236,1,"[47, 103, 47, 131, 23, 597, 231, 32, 249, 9]"
237,1,"[7, 461, 74, 38, 1]"
238,0,"[16, 462, 15, 115, 37, 31, 35, 97, 67, 114, 1]"
239,0,"[7, 20, 123, 124, 29, 598, 107]"
240,0,"[16, 299, 384, 193, 63, 160, 22, 8, 19]"
241,0,"[279, 229, 320, 58, 4, 65, 34]"
242,1,"[13, 5, 263, 11, 1]"
243,0,"[5, 2, 50, 321, 264, 62]"
244,0,"[13, 827, 185, 599, 1]"
245,0,"[2, 205, 69, 146, 18, 3, 1, 828]"
246,1,"[13, 385, 280, 186, 74, 40, 1]"
247,0,"[7, 77, 71, 600, 829, 830, 567, 14]"
248,1,"[110, 109, 831, 12, 53, 1]"
249,0,"[2, 69, 146, 3, 268, 227, 1]"
250,0,"[68, 601, 5, 450, 52, 2, 170, 191, 65]"
251,0,"[42, 20, 2, 100, 236, 155, 204, 44, 281, 29]"
252,1,"[7, 237, 832, 833, 23, 1]"
253,1,"[7, 72, 10, 168, 70, 184, 11, 23, 1]"
254,1,"[164, 27, 73, 26]"
255,0,"[834, 835, 119, 89, 171, 4, 14]"
256,0,"[13, 602, 28, 603, 334, 335, 54, 87, 20]"
257,1,"[7, 23, 604, 605, 836, 70, 837]"
258,0,"[5, 66, 52, 17, 46, 1]"
259,0,"[176, 322, 82]"
260,0,"[21, 30, 3, 5, 21, 30, 6, 66, 152, 323, 30, 26, 3, 1]"
261,0,"[4, 596, 338, 319, 122, 165, 119, 838, 59, 4, 14]"
262,0,"[7, 77, 71, 69, 224, 839, 310, 272, 14]"
263,0,"[21, 30, 3, 5, 66, 152, 21, 30, 6, 606, 607, 3, 1, 9, 30, 163, 18]"
264,0,"[68, 66, 52, 17, 95, 75, 39, 63, 840]"
265,0,"[13, 841, 842, 74, 843, 608, 1, 153]"
266,0,"[7, 20, 463, 609, 610, 7, 464, 23, 322, 203]"
267,0,"[5, 25, 611, 386, 282, 80, 20]"
268,0,"[5, 66, 25, 300, 3, 1]"
269,0,"[4, 844, 845, 582, 583, 581, 612, 613, 387, 111, 192, 388, 14, 4]"
270,0,"[68, 66, 52, 17, 95, 75, 39, 63, 601]"
271,0,"[6, 56]"
272,0,"[269, 465, 466, 467, 24, 114, 58, 4, 34]"
273,0,"[120, 11, 127, 136, 3, 1]"
274,0,"[2, 72, 283, 3, 1]"
275,1,"[7, 123, 124, 29, 598]"
276,0,"[279, 229, 320, 58, 4, 34]"
277,0,"[16, 60, 115, 614, 182, 179, 206, 615, 37, 162, 24]"
278,0,"[16, 5, 115, 238, 67, 324, 22, 8, 19, 239, 1]"
279,0,"[846, 308, 616, 847, 848, 89, 389, 156, 4]"
280,0,"[42, 8, 101, 148, 149, 150, 27, 92, 12, 157]"
281,0,"[7, 77, 7, 26, 215, 92, 849, 87]"
282,0,"[7, 20, 123, 124, 325, 468, 107]"
283,0,"[16, 60, 312, 368, 369, 339, 449, 6, 3]"
284,0,"[5, 66, 52, 17, 170, 57, 191, 3, 56, 43, 108, 1]"
285,1,"[42, 43, 108, 5, 100, 236, 155, 204, 44, 850, 29]"
286,0,"[68, 66, 52, 2, 95, 75, 39, 63, 851]"
287,0,"[7, 469, 107, 20]"
288,0,"[172, 240, 852, 853, 234, 341, 1]"
289,0,"[5, 155, 204, 100, 99, 118, 199, 29]"
290,0,"[68, 52, 17, 95, 75, 39, 63, 854]"
291,1,"[7, 855, 464, 23]"
292,0,"[269, 465, 466, 467, 24, 114, 58, 4, 34]"
293,0,"[5, 66, 96, 49, 40, 8, 9]"
294,0,"[68, 66, 52, 2, 95, 75, 39, 63, 46, 1, 856]"
295,0,"[4, 116, 79, 9, 14]"
296,0,"[21, 30, 3, 2, 21, 30, 6, 11, 8, 3, 1]"
297,0,"[261, 262, 470, 352, 43, 65, 1]"
298,1,"[5, 25, 857, 29]"
299,0,"[591, 3, 2, 312, 21, 6, 196, 3, 1]"
300,0,"[68, 66, 52, 17, 95, 75, 39, 63, 1, 858]"
301,0,"[5, 66, 52, 17, 170, 57, 191, 3, 1]"
302,0,"[21, 2, 617, 458, 618, 619, 471, 620, 6, 3, 1]"
303,0,"[431, 10, 859, 9, 269, 551, 160]"
304,0,"[45, 381, 1, 8, 390, 621, 74, 358, 622, 623]"
305,0,"[472, 2, 69, 146, 3, 1, 83]"
306,0,"[45, 76, 69, 624, 69, 3, 625, 1]"
307,0,"[2, 626, 17, 224, 860, 87, 861]"
308,0,"[2, 391, 473, 113, 147, 241, 40, 80, 227, 143, 862, 43]"
309,1,"[27, 141, 134, 73, 26]"
310,0,"[13, 242, 392, 24, 291, 218, 102, 40, 1]"
311,0,"[47, 103, 47, 131, 231, 474, 32, 249, 9]"
312,0,"[13, 2, 326, 74, 9]"
313,0,"[863, 864, 865, 351, 866, 867, 1]"
314,0,"[7, 82, 463, 609, 610, 7, 464, 23, 46, 322]"
315,0,"[5, 66, 52, 17, 95, 75, 39, 63]"
316,0,"[13, 28, 475, 868, 603, 602]"
317,1,"[122, 476, 103, 385, 23, 277]"
318,0,"[5, 2, 2, 11, 8, 518, 10, 57, 519, 410, 102, 40, 1]"
319,1,"[13, 50, 869, 242, 392, 24, 37, 870, 89, 23]"
320,0,"[176, 28, 117, 12, 393, 871, 28, 125, 12]"
321,0,"[176, 28, 117, 12, 393]"
322,0,"[176, 28, 117, 12, 27, 27, 11]"
323,0,"[459, 274, 872, 12, 453, 9]"
324,0,"[5, 66, 52, 17, 95, 75, 39, 63]"
325,0,"[16, 5, 115, 238, 67, 324, 22, 8, 19]"
326,0,"[16, 462, 115, 37, 31, 35, 97, 67, 1]"
327,0,"[16, 627, 37, 31, 35, 24, 1]"
328,0,"[276, 62, 254, 243, 284, 1, 463, 873, 874, 62, 327]"
329,0,"[182, 364, 145, 3, 5, 182, 364, 628, 8, 145, 6, 3, 875, 327, 9]"
330,0,"[7, 77, 71, 316, 876, 600, 877]"
331,0,"[6, 318, 80]"
332,0,"[5, 115, 61, 58, 18, 4]"
333,0,"[4, 15, 4, 79, 79, 4, 14]"
334,1,"[42, 2, 100, 236, 155, 204, 44, 281, 29, 34]"
335,1,"[41, 431, 878, 41, 174, 23]"
336,0,"[13, 153, 8, 13, 121, 266, 153, 125, 1]"
337,0,"[60, 879, 880, 202, 101, 9, 1]"
338,1,"[7, 2, 123, 124, 29, 629, 1]"
339,0,"[881, 882, 883, 1]"
340,0,"[2, 69, 146, 3, 1]"
341,0,"[45, 5, 2, 76, 69, 624, 69, 3, 625, 1, 93]"
342,0,"[48, 54, 2, 258, 6, 54]"
343,0,"[48, 54, 2, 257, 179, 6, 54, 1]"
344,0,"[48, 54, 2, 256, 197, 6, 54, 1]"
345,0,"[50, 47, 137, 138, 132, 11, 187, 139, 17, 53, 1]"
346,0,"[2, 440, 89, 884, 69, 86, 11, 630, 1]"
347,1,"[164, 27, 73, 26]"
348,0,"[31, 35, 97, 67, 15, 631, 115, 37, 244, 154, 24, 3, 1]"
349,0,"[31, 35, 97, 67, 15, 115, 632, 37, 244, 97, 67, 34]"
350,0,"[16, 151, 5, 115, 238, 67, 324, 22, 8, 19, 1]"
351,0,"[119, 89, 885, 447, 59, 4]"
352,1,"[7, 23, 188, 207, 11]"
353,0,"[21, 30, 3, 2, 11, 21, 30, 6, 3, 1]"
354,0,"[16, 3, 2, 238, 633, 634, 635, 6, 112, 8, 3, 1]"
355,0,"[7, 20, 2, 123, 124, 325, 468, 107, 20]"
356,1,"[42, 2, 100, 236, 155, 204, 44, 281, 29]"
357,1,"[10, 477, 96, 49, 32, 29]"
358,1,"[10, 477, 378, 29]"
359,1,"[10, 340, 103, 526]"
360,1,"[41, 10, 477, 886, 23]"
361,0,"[31, 35, 97, 67, 15, 115, 636, 37, 244, 154, 24, 114, 1]"
362,0,"[16, 3, 60, 478, 479, 57, 85, 6, 3, 1]"
363,1,"[42, 2, 70, 267, 26, 9]"
364,0,"[55, 28, 117, 12, 27, 11, 480, 328, 481, 184, 394, 482, 887, 112, 296, 888, 889, 890, 891]"
365,0,"[16, 3, 15, 892, 893, 894, 6, 22, 8, 19, 1]"
366,0,"[12, 157, 42, 8, 101, 148, 149, 150, 27, 92]"
367,0,"[4, 15, 79, 4, 14, 544, 114, 895]"
368,0,"[21, 30, 3, 2, 50, 896, 483, 30, 6, 3, 1, 43, 108]"
369,0,"[10, 14, 573, 897, 58, 14]"
370,1,"[13, 50, 898, 285, 242, 392, 395, 24, 13, 121, 484, 637, 485, 899]"
371,0,"[14, 4, 612, 613, 900, 560, 338, 208, 901, 165, 524, 14, 4]"
372,0,"[10, 638, 902, 639, 903, 10, 904, 183, 1]"
373,0,"[2, 28, 17, 24, 420, 49, 290, 534, 38, 62]"
374,0,"[122, 10, 93, 122, 10, 270, 396, 318, 80, 1]"
375,0,"[7, 20, 2, 123, 124, 325, 468, 107, 20]"
376,0,"[165, 397, 486, 59, 4, 14]"
377,1,"[41, 10, 25, 27, 141, 134, 73, 26, 1, 18]"
378,0,"[4, 276, 297, 75, 457, 129, 379, 487, 44, 87, 79, 4, 14]"
379,0,"[4, 905, 119, 89, 59, 4, 14]"
380,1,"[43, 108, 7, 9, 2, 469, 85, 640, 488, 386, 282, 9, 1]"
381,0,"[120, 11, 127, 136, 3, 1]"
382,0,"[472, 2, 336, 17, 38, 291, 337, 292, 1]"
383,0,"[50, 47, 137, 138, 132, 11, 187, 139, 17, 53, 1]"
384,0,"[4, 15, 78, 79, 18, 4, 14]"
385,1,"[7, 23, 188, 207, 11]"
386,0,"[21, 6, 15, 906, 907, 6, 459, 5, 313, 8, 19, 1]"
387,0,"[62, 42, 111, 173, 489, 341, 1, 490]"
388,0,"[5, 2, 50, 398, 264, 62]"
389,1,"[25, 5, 377, 11, 277, 1]"
390,0,"[2, 491, 32, 36, 3, 641, 271, 327, 173, 642, 271, 399, 1]"
391,1,"[45, 76, 12, 33, 5, 2, 41, 248, 173, 174, 26, 53, 1]"
392,1,"[2, 8, 473, 113, 147, 241, 40, 1, 73, 425, 908]"
393,0,"[7, 20, 7, 212, 82, 203, 20]"
394,0,"[16, 3, 57, 202, 909, 151, 114, 202, 9, 1]"
395,1,"[13, 3, 83, 2, 643, 597, 23, 3, 1]"
396,0,"[25, 5, 25, 492, 910, 103, 9, 1]"
397,0,"[4, 26, 232, 4, 383]"
398,0,"[4, 644, 397, 486, 165, 397, 59, 4, 14]"
399,0,"[2, 391, 473, 113, 147, 241, 40, 1]"
400,0,"[5, 493, 156, 4]"
401,0,"[78, 384, 193, 63, 22, 8, 19, 239, 1]"
402,0,"[50, 47, 137, 138, 132, 11, 187, 139, 17, 53, 1]"
403,0,"[82, 164, 494, 82, 80, 20]"
404,1,"[7, 23, 7, 911, 411, 400, 430, 400]"
405,0,"[55, 28, 117, 12, 393]"
406,1,"[25, 5, 25, 611, 386, 282, 1]"
407,0,"[4, 221, 222, 223, 119, 89, 4, 14]"
408,0,"[4, 495, 47, 131, 24, 33, 58, 166, 208, 912, 4, 34]"
409,0,"[4, 279, 229, 320, 166, 208, 58, 4]"
410,0,"[13, 5, 205, 344, 102, 1, 177, 334, 335, 54]"
411,0,"[12, 157, 2, 12, 253, 133, 143, 111, 254, 1]"
412,0,"[16, 3, 15, 115, 297, 90, 353, 12, 354, 22, 8, 19, 1]"
413,0,"[48, 3, 2, 255, 44, 6, 3, 18, 56, 1, 43, 108]"
414,0,"[2, 28, 8, 246]"
415,0,"[122, 10, 122, 10, 270, 274, 913, 914, 9, 1]"
416,0,"[48, 3, 2, 915, 6, 258, 112, 296, 257, 179, 256, 197, 18, 56, 3, 1]"
417,1,"[7, 123, 124, 29, 629, 1]"
418,0,"[75, 90, 389, 329, 58, 357, 916, 917, 918, 34]"
419,0,"[82, 164, 494, 919, 40, 1]"
420,1,"[13, 60, 285, 190, 8, 242, 471, 920, 496, 497, 498, 53, 1]"
421,1,"[13, 50, 109, 245, 242, 392, 395, 24, 28, 13, 921, 645, 922, 53, 1]"
422,1,"[13, 37, 593, 594, 185, 12, 1]"
423,1,"[13, 5, 475, 121, 499, 646, 647, 923, 3, 1]"
424,0,"[16, 3, 2, 648, 649, 217, 6, 3, 1]"
425,1,"[73, 164, 27, 73, 26, 1]"
426,1,"[7, 23, 188, 207]"
427,1,"[7, 2, 70, 924, 1]"
428,1,"[42, 85, 330, 88, 2, 100, 12, 133, 101, 9]"
429,0,"[5, 115, 61, 58, 18, 4]"
430,0,"[13, 15, 299, 153, 8, 13, 121, 266, 158, 178, 20]"
431,0,"[55, 650, 925, 651, 322, 82]"
432,0,"[55, 28, 117, 12, 393, 652, 125, 91, 653]"
433,0,"[10, 6, 92, 1]"
434,0,"[10, 93, 6, 9, 1]"
435,0,"[10, 2, 301, 318, 80, 1]"
436,1,"[10, 2, 325, 456, 301, 18, 9]"
437,0,"[4, 495, 47, 131, 24, 33, 58, 4, 34]"
438,0,"[55, 117, 12, 1, 926, 927]"
439,0,"[260, 72, 3, 1]"
440,0,"[7, 212, 82, 7, 225, 78]"
441,1,"[7, 9, 2, 469, 85, 640, 488, 386, 282, 9, 1]"
442,0,"[50, 47, 137, 138, 132, 2, 11, 187, 139, 17, 53, 1]"
443,0,"[13, 15, 299, 153, 8, 13, 121, 266, 928, 178, 20]"
444,1,"[13, 2, 252, 92, 87, 9, 1]"
445,0,"[16, 3, 60, 415, 160, 313, 8, 19, 1]"
446,0,"[7, 20, 2, 267, 19, 80, 20]"
447,0,"[7, 9, 2, 123, 124, 29, 9, 1]"
448,0,"[31, 35, 380, 273, 10, 295, 31, 380, 273, 381, 1]"
449,0,"[10, 93, 62, 6, 9, 1]"
450,0,"[61, 361, 556, 200, 34, 307, 201]"
451,0,"[4, 15, 78, 79, 18, 4, 14]"
452,0,"[2, 336, 17, 38, 291, 337, 292, 1]"
453,1,"[10, 10, 654, 155, 929, 414, 9, 930, 168, 931, 24, 184]"
454,0,"[13, 2, 326, 74, 3, 1]"
455,0,"[50, 47, 137, 138, 132, 2, 11, 187, 139, 17, 53, 1]"
456,0,"[82, 164, 494, 82, 1]"
457,0,"[55, 85, 932, 125, 12, 1, 401, 85, 933, 650, 500]"
458,0,"[120, 11, 127, 136, 3, 1]"
459,0,"[7, 20, 2, 355, 19]"
460,0,"[7, 20, 2, 356, 402, 19, 80, 20]"
461,0,"[5, 141, 134, 6, 1]"
462,0,"[21, 6, 3, 5, 382, 15, 934, 935, 638, 200, 3, 1]"
463,0,"[4, 15, 78, 79, 18, 4, 14]"
464,0,"[5, 493, 156, 4]"
465,1,"[10, 15, 115, 251, 559, 359, 126, 9]"
466,0,"[55, 28, 117, 12, 27, 11, 480, 328, 481, 184, 394, 482]"
467,0,"[16, 3, 2, 936, 6, 937, 90, 6, 3, 1]"
468,0,"[122, 274, 655, 10, 501, 9]"
469,1,"[13, 3, 83, 50, 362, 109, 245, 8, 13, 121, 484, 637]"
470,1,"[73, 5, 27, 141, 134, 73, 26, 1, 18]"
471,1,"[7, 83, 2, 267, 9, 1]"
472,0,"[48, 3, 60, 441, 259, 656, 6, 3, 1]"
473,0,"[2, 260, 10, 349, 350, 53, 3, 1]"
474,0,"[50, 47, 137, 138, 132, 2, 11, 187, 139, 17, 53, 1]"
475,0,"[4, 286, 47, 131, 24, 33, 58, 4, 34]"
476,0,"[16, 3, 60, 286, 90, 657, 6, 3, 1]"
477,1,"[2, 171, 155, 278, 502, 126, 9]"
478,1,"[13, 153, 8, 13, 121, 266, 9, 1]"
479,0,"[83, 28, 17, 432, 938, 30, 8, 939]"
480,0,"[13, 940, 242, 941, 33, 658, 942, 943, 489, 944, 38, 1]"
481,0,"[5, 2, 11, 36, 175, 64, 99, 1, 36, 175, 64, 191, 32, 249, 46, 65, 91, 1]"
482,1,"[10, 15, 2, 247, 945, 659, 126, 9]"
483,0,"[55, 28, 117, 12, 27, 11]"
484,0,"[16, 3, 15, 115, 660, 90, 353, 12, 354, 22, 8, 19, 1]"
485,1,"[10, 168, 10, 10, 209, 64, 9]"
486,0,"[2, 28, 8, 246, 142, 1]"
487,1,"[25, 2, 25, 438, 9]"
488,0,"[2, 32, 36, 3, 99, 161, 43, 91, 1]"
489,0,"[48, 3, 2, 255, 44, 6, 3, 1]"
490,0,"[48, 3, 2, 256, 197, 6, 3, 1]"
491,0,"[48, 3, 2, 112, 296, 6, 3, 1]"
492,0,"[48, 3, 2, 258, 6, 3, 1]"
493,0,"[48, 3, 2, 257, 179, 6, 3, 1]"
494,0,"[21, 6, 483, 661, 5, 2, 21, 6, 396, 662, 663, 1]"
495,0,"[6, 3, 15, 478, 57, 317, 6, 3, 1]"
496,0,"[6, 3, 15, 478, 479, 44, 90, 6, 22, 8, 19, 34]"
497,0,"[2, 86, 144, 8, 158, 98, 43, 1]"
498,0,"[4, 165, 454, 403, 26, 232, 9]"
499,0,"[4, 371, 946, 947, 87, 14, 4, 264]"
500,0,"[2, 166, 94, 503, 11, 156, 51]"
501,0,"[94, 51, 5, 2, 279, 229, 948, 94, 51, 949, 950]"
502,1,"[7, 83, 2, 355, 9, 1]"
503,0,"[12, 157, 42, 8, 101, 148, 149, 150, 329, 417, 92]"
504,1,"[10, 323, 209, 64, 9, 1]"
505,0,"[13, 153, 654, 74, 242, 447, 125, 1]"
506,1,"[10, 93, 62, 2, 301, 9]"
507,1,"[7, 83, 2, 356, 402, 9, 1]"
508,1,"[73, 5, 27, 141, 134, 73, 26, 1]"
509,0,"[172, 240, 254, 327, 434, 951, 91]"
510,0,"[4, 61, 279, 229, 320, 269, 465, 466, 467, 24, 114, 169, 166, 208, 4]"
511,0,"[4, 221, 222, 223, 387, 952, 387, 174, 387, 171, 4, 14]"
512,0,"[30, 151, 2, 37, 426, 12, 24, 6, 22, 8, 3, 1]"
513,0,"[4, 221, 222, 223, 421, 119, 89, 4, 14]"
514,0,"[21, 6, 3, 2, 418, 295, 419, 6, 57, 219, 196, 3, 1, 43, 108]"
515,0,"[6, 664, 2, 346, 347, 348, 6, 3, 1]"
516,0,"[55, 28, 117, 12, 27, 11, 480, 328, 481, 184, 394, 482]"
517,1,"[10, 15, 2, 247, 953, 659, 126, 9]"
518,1,"[85, 159, 2, 216, 342, 193, 8, 9, 1]"
519,1,"[10, 47, 140, 192, 126, 439, 9]"
520,0,"[5, 115, 61, 58, 4]"
521,0,"[10, 43, 108, 2, 57, 219, 6, 3, 1]"
522,1,"[10, 476, 216, 103, 10, 209, 64, 9]"
523,0,"[21, 30, 57, 30, 163, 3, 2, 21, 30, 6, 57, 30, 163, 11, 3, 1]"
524,0,"[7, 172, 234, 665, 666, 33, 38, 1]"
525,0,"[55, 28, 117, 12, 27, 11, 652, 125, 91, 653]"
526,0,"[2, 261, 262, 46, 1]"
527,0,"[472, 50, 667, 185, 2, 17, 264, 211, 62]"
528,0,"[12, 157, 2, 12, 253, 133, 143, 111, 38, 293, 133, 303]"
529,0,"[5, 106, 15, 27, 72, 220, 39, 161, 3, 1]"
530,0,"[5, 205, 18, 178, 32, 36, 3, 1]"
531,0,"[2, 86, 144, 8, 18, 11, 98, 43, 1]"
532,0,"[2, 352, 39, 310, 230, 56, 1]"
533,0,"[2, 17, 38, 213, 470, 668, 1]"
534,1,"[7, 2, 7, 225, 9, 1]"
535,0,"[669, 328, 282, 670, 20, 2]"
536,0,"[2, 135, 11, 156, 51]"
537,0,"[45, 76, 12, 33, 8, 390, 621, 74, 358, 622, 623, 381, 53, 1]"
538,0,"[4, 286, 47, 131, 24, 33, 58, 4, 34]"
539,0,"[16, 3, 5, 424, 671, 197, 22, 8, 19, 1]"
540,0,"[16, 3, 2, 428, 37, 343, 294, 162, 429, 24, 3, 1]"
541,0,"[2, 131, 504, 404, 18, 195, 64, 170, 104, 293, 131, 504, 404, 954, 955, 404, 403, 672, 86, 32, 956, 309, 104, 1]"
542,1,"[13, 5, 8, 28, 263]"
543,0,"[120, 11, 127, 136, 3, 1]"
544,0,"[5, 205, 231, 100, 574, 575, 576, 46, 3, 227, 91, 1]"
545,0,"[5, 285, 245, 957, 498, 53, 1]"
546,0,"[206, 505, 206, 49, 99, 673, 2, 32, 36, 3, 1, 66, 49, 674]"
547,1,"[7, 9, 545, 26, 265, 298, 9]"
548,0,"[506, 2, 12, 675, 92, 435, 167, 1]"
549,0,"[506, 2, 12, 675, 92, 3, 1]"
550,0,"[5, 285, 958, 959, 960, 12, 1]"
551,0,"[2, 205, 285, 32, 36, 3, 142, 91, 1]"
552,0,"[13, 5, 205, 285, 263, 1]"
553,0,"[21, 6, 507, 676, 2, 21, 6, 196, 109, 121, 6, 6, 507, 676, 1]"
554,0,"[2, 228, 18, 508, 87, 20, 1]"
555,0,"[21, 6, 15, 2, 345, 10, 116, 6, 57, 219, 196, 961, 22, 8, 962, 963, 964, 43, 1]"
556,0,"[94, 51, 5, 2, 405, 94, 51, 11]"
557,0,"[2, 11, 175, 64, 677, 36, 99, 1, 32, 36, 3, 65, 91, 1]"
558,1,"[13, 286, 497, 140, 33, 109, 245, 8, 202, 13, 499, 26]"
559,0,"[2, 135, 11, 156, 51]"
560,0,"[2, 166, 94, 503, 51, 965, 966, 11, 156, 51]"
561,0,"[16, 3, 60, 967, 22, 217, 22, 8, 19, 1]"
562,0,"[4, 388, 4]"
563,0,"[4, 276, 317, 233, 376, 234, 171, 4, 14]"
564,1,"[25, 5, 25, 73, 968]"
565,0,"[509, 510, 511, 331, 106, 29, 670, 20, 2]"
566,0,"[10, 72, 10, 168, 169, 9]"
567,0,"[16, 3, 2, 969, 970, 6, 3, 1]"
568,0,"[4, 119, 199, 89, 59, 4]"
569,0,"[4, 15, 78, 79, 4, 14]"
570,0,"[2, 135, 11, 51]"
571,0,"[21, 30, 57, 30, 163, 3, 2, 21, 30, 6, 57, 30, 163, 3, 1]"
572,0,"[5, 180, 15, 27, 416, 39, 161, 3, 1]"
573,0,"[669, 328, 282, 2]"
574,0,"[4, 971, 232, 972, 973, 4, 14]"
575,0,"[4, 255, 379, 487, 44, 87, 79, 4, 14]"
576,0,"[4, 286, 47, 131, 24, 33, 58, 4, 34]"
577,0,"[96, 49, 39, 116, 169, 453, 40, 8, 9]"
578,0,"[974, 975, 976, 172, 240, 243, 977, 284, 1]"
579,0,"[2, 678, 140, 69, 170, 104, 46, 129, 181, 309, 46, 129, 365, 1, 158]"
580,0,"[31, 35, 3, 2, 205, 31, 35, 3, 1]"
581,0,"[31, 35, 97, 67, 15, 679, 978, 37, 6, 24, 105, 19, 34]"
582,0,"[45, 76, 12, 33, 5, 180, 72, 105, 45, 76, 90, 6, 304, 305, 54, 105, 1]"
583,0,"[2, 678, 140, 69, 18, 195, 64, 170, 104, 293, 32, 36, 3, 365, 1, 280, 65]"
584,0,"[50, 979, 8, 507, 294, 980, 395, 981, 982, 983, 109, 121, 6, 18, 54, 1]"
585,0,"[2, 131, 504, 404, 403, 672, 86, 104, 46, 129, 181, 309, 399, 1]"
586,0,"[10, 47, 140, 192, 10, 209, 184, 28, 270]"
587,0,"[2, 496, 302, 984, 302, 3, 1]"
588,0,"[96, 49, 2, 49, 2, 96, 49, 40, 8, 9]"
589,0,"[4, 985, 986, 680, 338, 59, 4, 14]"
590,0,"[21, 30, 3, 2, 11, 21, 30, 6, 3, 1]"
591,0,"[7, 20, 2, 44, 130, 70, 92, 29, 107, 20]"
592,0,"[13, 2, 109, 78, 252, 158, 178, 20]"
593,0,"[25, 8, 987, 988, 989, 114, 403, 401, 12]"
594,0,"[5, 180, 306, 548, 360, 549, 1]"
595,0,"[12, 157, 42, 8, 101, 148, 149, 150, 27, 92]"
596,0,"[21, 6, 3, 2, 21, 6, 11, 3, 43, 1]"
597,0,"[2, 18, 228, 3, 1]"
598,0,"[2, 86, 144, 8, 162, 562, 363, 1]"
599,0,"[151, 1, 2, 128, 550, 22, 8, 19, 80, 227, 1]"
600,0,"[2, 86, 144, 8, 308, 98, 43, 1]"
601,0,"[2, 46, 129, 181, 309, 18, 64, 18, 271, 104, 46, 181, 1]"
602,0,"[2, 228, 508, 87, 20, 1]"
603,0,"[2, 216, 990, 991, 261, 262, 195, 64, 41, 358, 74, 195, 64, 36, 62]"
604,0,"[55, 512, 455, 1, 992, 490]"
605,0,"[4, 287, 112, 194, 288, 33, 332, 189, 235, 681, 226]"
606,0,"[16, 54, 2, 682, 683, 6, 54, 1]"
607,0,"[31, 35, 97, 67, 15, 81, 993, 37, 31, 35, 154, 24]"
608,0,"[31, 35, 3, 15, 2, 372, 373, 37, 31, 374, 11, 3, 43, 1]"
609,0,"[7, 20, 7, 26, 106, 29, 80, 20]"
610,0,"[12, 157, 2, 12, 253, 133, 143, 44, 8, 19, 80, 1]"
611,0,"[16, 3, 2, 368, 369, 449, 151, 114, 313, 8, 3, 1]"
612,0,"[2, 166, 94, 503, 51, 684, 11, 156, 51]"
613,0,"[2, 135, 156, 51]"
614,1,"[7, 23, 7, 233, 73, 46, 168, 23, 1]"
615,0,"[7, 233, 172, 240, 243, 284, 1]"
616,0,"[120, 11, 127, 136, 3, 1]"
617,0,"[2, 569, 46, 3, 201, 104, 46, 181, 201, 142, 1]"
618,0,"[25, 25, 302, 3, 1]"
619,0,"[4, 994, 995, 552, 171, 4, 14, 108]"
620,0,"[25, 25, 226, 39, 3, 56, 96, 49, 25, 456, 584]"
621,0,"[4, 15, 78, 79, 655, 4, 14]"
622,0,"[5, 61, 214, 57, 6, 22, 8, 19, 239, 1]"
623,0,"[2, 113, 147, 80, 565, 1, 566, 254]"
624,0,"[7, 2, 491, 32, 36, 3, 442, 443]"
625,0,"[96, 49, 49, 2, 96, 49, 40, 103, 9]"
626,0,"[5, 84, 52, 17, 128, 227, 314, 1]"
627,0,"[2, 95, 75, 39, 63, 1]"
628,0,"[42, 85, 330, 88, 128, 412, 44, 87, 239, 20]"
629,0,"[2, 570, 571, 572, 448, 39, 98, 105, 2, 32, 36, 3, 162, 363, 1]"
630,0,"[16, 3, 60, 996, 997, 382, 998, 22, 8, 3, 1]"
631,0,"[4, 317, 233, 376, 234, 169, 192, 4, 14]"
632,0,"[10, 685, 686, 10, 687, 1, 84, 11]"
633,0,"[41, 2, 41, 688, 427, 29, 406, 1]"
634,0,"[45, 76, 12, 33, 5, 2, 169, 130, 999, 26, 325, 1]"
635,0,"[2, 32, 36, 3, 113, 451, 370, 577, 274, 452]"
636,1,"[13, 3, 83, 50, 362, 109, 245, 8, 13, 121, 484, 53, 1]"
637,0,"[48, 1000, 1001, 1002, 448, 1003, 1004, 645, 1005, 1006, 1007, 1]"
638,0,"[2, 32, 36, 3, 113, 451, 1008, 452, 142, 1]"
639,0,"[45, 76, 12, 33, 76, 69, 18, 3, 1]"
640,0,"[42, 85, 330, 88, 5, 100, 12, 133, 101, 40, 8, 44, 87, 8, 19, 80]"
641,0,"[94, 51, 5, 2, 405, 94, 51, 11, 34]"
642,0,"[4, 287, 112, 194, 288, 33, 332, 189, 235, 681, 226, 4, 34]"
643,1,"[25, 541, 29]"
644,1,"[25, 1009, 300]"
645,0,"[7, 77, 71, 316, 1010, 109, 283, 1011, 283]"
646,1,"[25, 25, 492, 8, 25, 474, 1012, 390, 333, 390, 23]"
647,0,"[45, 76, 12, 33, 5, 2, 45, 76, 90, 6, 311, 54, 105, 268, 62]"
648,0,"[5, 84, 52, 17, 113, 147, 28, 578, 102, 375, 1]"
649,0,"[4, 495, 47, 131, 24, 33, 58, 4]"
650,0,"[16, 3, 2, 61, 245, 682, 683, 6, 3, 1]"
651,0,"[5, 100, 99, 29, 1013, 88, 1]"
652,0,"[512, 689, 490, 292, 689, 1]"
653,0,"[50, 1014, 185, 48, 1015, 1016, 53, 1]"
654,0,"[31, 35, 97, 67, 1017, 37, 244, 154, 24, 1]"
655,0,"[31, 35, 315, 2, 312, 31, 35, 3, 315, 1]"
656,0,"[25, 394, 1018, 114]"
657,0,"[16, 3, 5, 690, 1019, 1020, 50, 690, 57, 22, 8, 3, 1]"
658,0,"[55, 2, 509, 510, 511, 331, 106, 29, 1]"
659,0,"[31, 35, 664, 2, 372, 373, 37, 31, 374, 154, 24, 1]"
660,1,"[7, 9, 2, 44, 130, 70, 92, 29, 56, 1]"
661,0,"[4, 479, 165, 59, 9]"
662,1,"[13, 83, 2, 109, 78, 252, 9]"
663,0,"[10, 6, 6, 54, 190, 1]"
664,1,"[7, 23, 2, 7, 1021, 1022, 23, 1]"
665,0,"[691, 208, 5, 691, 208, 513, 1023, 107, 20]"
666,0,"[7, 77, 71, 5, 1024, 1025, 7, 26, 72, 14, 1026]"
667,0,"[31, 35, 3, 5, 205, 35, 1027, 303, 1]"
668,0,"[6, 3, 5, 2, 346, 347, 348, 259, 6, 22, 8, 3, 1]"
669,0,"[31, 35, 97, 67, 15, 269, 37, 244, 154, 24, 1]"
670,1,"[10, 5, 2, 460, 23, 1028, 1029, 1030, 1, 93]"
671,0,"[10, 15, 75, 90, 389, 329, 58, 48, 1031, 19, 1, 65, 303, 1]"
672,0,"[55, 512, 1032, 35, 489, 243, 284, 15]"
673,0,"[16, 3, 60, 1033, 1034, 1035, 22, 8, 3, 1]"
674,0,"[16, 3, 60, 1036, 118, 22, 8, 3, 1]"
675,0,"[5, 84, 52, 17, 275, 38, 1]"
676,0,"[7, 77, 71, 7, 225, 316, 1037, 1038]"
677,0,"[16, 3, 60, 1039, 1040, 22, 217, 22, 8, 9, 1]"
678,1,"[7, 9, 2, 366, 113, 378, 29, 56, 1]"
679,0,"[4, 255, 1041, 487, 44, 87, 4, 14]"
680,0,"[13, 5, 153, 125, 32, 29, 107, 20]"
681,1,"[25, 333, 25, 454, 407, 183]"
682,0,"[2, 630, 3, 1]"
683,0,"[2, 228, 3, 1]"
684,0,"[2, 580, 3, 1]"
685,0,"[55, 2, 509, 510, 511, 331, 106, 29, 1]"
686,0,"[2, 128, 314, 111, 38, 1, 592, 135]"
687,0,"[2, 128, 314, 111, 38, 1, 8]"
688,0,"[120, 11, 127, 136, 3, 1]"
689,0,"[5, 84, 52, 17, 212, 1]"
690,0,"[2, 113, 147, 375, 1]"
691,0,"[1042, 1043, 26, 232, 4, 14]"
692,1,"[10, 5, 2, 460, 23, 122, 10, 11, 1]"
693,0,"[568, 272, 367, 230, 167, 1]"
694,0,"[5, 84, 52, 17, 11, 18, 32, 36, 3, 98, 46, 161, 1]"
695,0,"[45, 76, 12, 33, 2, 45, 76, 90, 6, 311, 105, 585, 586, 182, 69, 146, 587, 167, 1, 83]"
696,0,"[7, 77, 71, 84, 152, 225, 1044, 14]"
697,0,"[5, 61, 493, 4, 34]"
698,0,"[4, 58, 4]"
699,0,"[4, 279, 229, 320, 58, 79, 4, 34]"
700,0,"[4, 287, 112, 194, 288, 33, 332, 189, 235, 4]"
701,0,"[16, 3, 15, 680, 1045, 179, 37, 118, 19, 1]"
702,0,"[5, 81, 61, 58, 18, 4]"
703,0,"[5, 61, 214, 57, 6, 3, 1]"
704,0,"[10, 333, 10, 289, 107, 1]"
705,1,"[7, 9, 2, 231, 70, 267, 9, 1]"
706,1,"[83, 13, 5, 153, 125, 32, 29, 56, 108, 1]"
707,0,"[13, 11, 514, 515, 263, 1, 144]"
708,0,"[94, 51, 5, 2, 405, 94, 51, 11]"
709,1,"[41, 84, 152, 370, 1046, 370, 485, 1047, 1]"
710,1,"[10, 5, 84, 152, 1048, 1049, 10, 516, 1]"
711,0,"[7, 20, 2, 237, 289, 107, 20]"
712,0,"[16, 3, 5, 1050, 1051, 22, 8, 19, 1]"
713,0,"[5, 180, 72, 220, 206, 505, 272, 230, 167, 1]"
714,1,"[5, 84, 231, 100, 12, 3, 1]"
715,1,"[10, 333, 10, 168, 169, 126, 9]"
716,1,"[13, 5, 11, 514, 515, 185, 12, 1, 86]"
717,1,"[41, 84, 152, 41, 174, 26, 3, 1, 83]"
718,0,"[2, 172, 104, 28, 1052, 104, 321, 280, 1]"
719,0,"[10, 685, 686, 10, 687, 1, 84, 11, 93]"
720,0,"[4, 15, 78, 79, 4, 14]"
721,0,"[2, 321, 104, 275, 91, 280, 1]"
722,0,"[12, 157, 42, 8, 101, 148, 149, 150, 27, 92]"
723,1,"[5, 100, 99, 29, 1]"
724,0,"[5, 84, 52, 17, 18, 65, 32, 36, 3, 98, 1]"
725,0,"[7, 20, 2, 123, 124, 29, 11, 107, 20]"
726,0,"[21, 30, 3, 2, 21, 30, 6, 11, 8, 3, 1]"
727,0,"[31, 35, 3, 5, 2, 372, 373, 37, 31, 374, 200, 3, 1]"
728,0,"[31, 35, 3, 5, 2, 31, 35, 200, 3, 142, 91, 1]"
729,0,"[31, 35, 15, 10, 295, 380, 31, 35, 127, 1053, 530, 1]"
730,0,"[45, 76, 12, 33, 2, 45, 76, 90, 132, 6, 311, 54, 105, 19, 142, 1]"
731,0,"[7, 77, 71, 321, 1054, 1055]"
732,1,"[7, 2, 7, 26, 106, 29]"
733,1,"[10, 278, 692, 207, 210, 1, 11]"
734,1,"[10, 693, 278, 210, 1, 11]"
735,1,"[10, 694, 695, 199, 210, 1, 11]"
736,0,"[7, 20, 696, 697, 19, 1]"
737,0,"[4, 84, 15, 1056, 1057, 49, 538, 4]"
738,0,"[13, 286, 497, 140, 33, 1058, 26, 40, 1]"
739,0,"[6, 3, 2, 617, 458, 618, 276, 619, 471, 620, 87, 6, 3, 1]"
740,0,"[110, 33, 42, 111, 133, 307]"
741,0,"[5, 2, 50, 321, 53, 211]"
742,0,"[21, 30, 3, 5, 21, 30, 6, 84, 152, 606, 607, 3, 1, 30, 1059, 18]"
743,0,"[2, 28, 17, 24, 420, 49, 290, 1060, 62]"
744,0,"[42, 100, 236, 155, 204, 44, 281, 29, 406, 1]"
745,0,"[595, 486, 165, 119, 89, 59, 4]"
746,1,"[13, 5, 153, 125, 32, 29, 93]"
747,0,"[120, 11, 127, 136, 3, 1]"
748,0,"[61, 361, 361, 53, 1061, 200, 34, 307, 201]"
749,0,"[276, 47, 137, 138, 132, 2, 139, 17, 38, 62]"
750,1,"[7, 9, 696, 697, 177, 9]"
751,0,"[7, 77, 71, 7, 225, 362, 599, 1062]"
752,0,"[7, 20, 2, 123, 124, 29, 11, 107, 20, 65]"
753,0,"[10, 75, 90, 389, 329, 58, 19, 275, 28, 270, 277, 1]"
754,0,"[21, 30, 3, 5, 21, 30, 6, 84, 152, 323, 30, 26, 3, 1]"
755,0,"[21, 6, 3, 2, 44, 8, 21, 151, 114, 382, 15, 243, 24, 6, 3, 1]"
756,1,"[78, 1063, 1064, 41, 688, 29, 1]"
757,0,"[16, 3, 78, 384, 193, 63, 160, 22, 8, 19, 1]"
758,1,"[10, 251, 359, 126, 247, 9]"
759,0,"[5, 81, 61, 58, 18, 4]"
760,1,"[7, 23, 698, 699, 237, 502, 400, 11, 23, 1, 1065, 237, 289, 116]"
761,1,"[41, 2, 700, 85, 701, 41, 1066, 23, 1]"
762,0,"[506, 5, 180, 94, 1067, 275, 1068, 67, 167, 1]"
763,0,"[21, 6, 3, 2, 21, 6, 11, 3, 1]"
764,0,"[4, 1069, 1070, 308, 208, 14]"
765,0,"[7, 77, 71, 130, 70, 24, 33]"
766,1,"[9, 34, 5, 8, 101, 148, 149, 150, 78, 329, 417, 9, 93, 9, 557, 1071, 1072]"
767,0,"[16, 3, 60, 22, 8, 19, 1]"
768,0,"[5, 12, 1073, 1074, 102, 53, 40, 1, 1075]"
769,0,"[10, 333, 10, 289, 1]"
770,0,"[5, 84, 52, 17, 46, 1]"
771,1,"[42, 85, 330, 88, 2, 100, 236, 155, 204, 44, 281, 29, 1]"
772,0,"[7, 20, 2, 123, 124, 29, 11, 107, 20]"
773,0,"[120, 11, 702, 12, 18, 3, 1]"
774,0,"[122, 10, 537, 122, 10, 270, 277]"
775,0,"[5, 180, 72, 220, 446, 272, 367, 230, 56, 1]"
776,0,"[42, 85, 330, 88, 2, 70, 145, 26, 265, 298, 19, 20]"
777,0,"[4, 1076, 397, 388, 4, 14]"
778,0,"[2, 391, 17, 143, 111, 241, 40, 1, 43, 65]"
779,0,"[55, 28, 351, 383, 703, 531, 203, 44, 106, 318, 87, 20]"
780,0,"[25, 93, 62, 25, 1077, 1078, 1079]"
781,0,"[7, 77, 71, 1080, 1081, 61, 1082, 1083]"
782,1,"[41, 2, 41, 704, 23, 1]"
783,0,"[16, 3, 15, 2, 368, 369, 563, 12, 24, 114, 118, 22, 8, 19, 1]"
784,0,"[7, 77, 71, 7, 26, 40, 401]"
785,0,"[2, 69, 146, 3, 1]"
786,0,"[110, 33, 15, 86, 12, 344, 102, 705, 203, 20, 706, 1]"
787,0,"[7, 20, 2, 123, 124, 29, 11, 107, 20]"
788,1,"[25, 1084, 1085, 1086, 1087, 1088, 707, 25, 23]"
789,0,"[55, 28, 125, 12, 27]"
790,0,"[708, 436, 12, 437, 4, 116, 177, 9]"
791,0,"[16, 54, 2, 709, 130, 214, 6, 19, 80, 54, 1]"
792,0,"[109, 1089, 151, 8, 140, 38, 1]"
793,0,"[2, 491, 32, 36, 3, 641, 271, 327, 173, 642, 271, 399, 1]"
794,0,"[2, 8, 17, 143, 111, 241, 40, 1, 43, 108]"
795,0,"[7, 233, 172, 240, 243, 284, 1]"
796,0,"[5, 180, 445, 306, 310, 273, 3, 1]"
797,0,"[2, 260, 72, 3, 1]"
798,1,"[10, 693, 278, 210, 1, 11]"
799,1,"[10, 278, 692, 207, 210, 1, 11]"
800,0,"[10, 1090, 1091, 281, 89, 474, 1092, 3, 1]"
801,1,"[10, 694, 695, 199, 210, 1, 11]"
802,1,"[7, 23, 188, 207, 11, 23, 1]"
803,0,"[79, 4, 4, 116, 14]"
804,0,"[96, 49, 5, 84, 96, 49, 40, 8, 9]"
805,1,"[42, 2, 26, 3, 1]"
806,1,"[42, 2, 70, 145, 26, 265, 298, 3, 1]"
807,1,"[13, 658, 185, 475, 121, 499, 646, 647, 1093, 1]"
808,1,"[41, 2, 430, 604, 23, 23, 1]"
809,0,"[10, 42, 710, 711, 513, 72, 145, 1, 11, 265, 1094, 9]"
810,0,"[55, 28, 125, 12, 27, 188, 408]"
811,0,"[12, 157, 42, 8, 101, 148, 149, 150, 27, 92]"
812,0,"[5, 84, 52, 17, 95, 75, 39, 63, 1]"
813,0,"[5, 84, 52, 17, 170, 57, 191, 3, 1]"
814,0,"[5, 81, 238, 67, 324, 22, 8, 19, 239, 1]"
815,0,"[120, 11, 702, 12]"
816,0,"[2, 1095, 1096, 1097, 139, 17, 1098, 65, 1]"
817,0,"[4, 1099, 81, 388, 4, 14]"
818,0,"[48, 54, 2, 256, 197, 6, 54, 1]"
819,0,"[48, 54, 2, 258, 6, 54, 1]"
820,0,"[48, 54, 2, 257, 179, 6, 54, 1]"
821,0,"[55, 1100, 35, 1101, 1, 27, 402]"
822,0,"[16, 3, 60, 614, 182, 179, 206, 615, 37, 162, 24, 1]"
823,0,"[16, 3, 2, 238, 633, 634, 635, 6, 112, 8, 3, 1]"
824,0,"[55, 28, 351, 383, 703, 277, 1]"
825,0,"[708, 436, 12, 437, 4, 116, 177, 9]"
826,0,"[7, 77, 71, 123, 124]"
827,1,"[13, 3, 108, 2, 50, 643, 50, 1102, 1103, 485, 23, 3, 1]"
828,0,"[16, 3, 15, 1104, 22, 8, 19, 1]"
829,0,"[110, 33, 85, 130, 70, 183, 8, 218, 102, 705, 203, 20, 706, 1]"
830,0,"[4, 221, 222, 223, 1105, 1106, 59, 4, 14]"
831,0,"[82, 164, 651, 1107, 1108, 82]"
832,0,"[4, 119, 440, 88, 119, 89, 59, 4]"
833,1,"[7, 9, 2, 123, 124, 29, 9, 1]"
834,0,"[120, 11, 127, 136, 3, 1]"
835,0,"[31, 35, 97, 67, 15, 81, 632, 37, 31, 97, 67, 34]"
836,0,"[31, 35, 97, 67, 15, 81, 462, 37, 31, 35, 97, 67, 1, 3, 43, 108]"
837,1,"[45, 76, 12, 33, 5, 2, 41, 248, 173, 174, 26, 53, 1]"
838,1,"[122, 10, 1109, 67, 366, 501, 177, 9, 43, 108]"
839,0,"[7, 20, 28, 82, 11, 7, 340, 712, 203, 20]"
840,0,"[4, 1110, 413, 616, 308, 208, 4, 14]"
841,1,"[25, 377, 1111, 1112, 1113, 707]"
842,0,"[2, 72, 283, 3, 1, 379, 283, 86, 283]"
843,0,"[7, 20, 2, 237, 289, 178, 20, 1]"
844,0,"[4, 713, 714, 357, 24, 59, 4, 14]"
845,0,"[96, 49, 5, 96, 49, 1114, 29, 107, 20]"
846,0,"[41, 2, 41, 704, 200, 1115, 56, 1]"
847,0,"[2, 28, 398, 434, 1116, 8, 62]"
848,0,"[7, 20, 28, 82, 11, 7, 26, 1117, 203, 20]"
849,0,"[21, 151, 2, 182, 364, 628, 8, 145, 6, 40, 3, 1]"
850,1,"[10, 644, 126, 9]"
851,0,"[2, 398, 104, 275, 91, 280, 1]"
852,0,"[4, 713, 714, 357, 24, 59, 4, 14]"
853,0,"[7, 77, 71, 1118, 1119, 7, 26]"
854,0,"[10, 214, 543, 10, 300, 1]"
855,1,"[13, 83, 2, 605, 385, 186, 74, 1120, 210, 3, 1]"
856,0,"[10, 28, 10, 516, 516, 125, 1]"
857,0,"[96, 49, 84, 49, 2, 96, 49, 103, 9, 1]"
858,1,"[110, 5, 37, 236, 155, 498, 177, 9, 34]"
859,0,"[1121, 55, 455, 1]"
860,0,"[319, 88, 319, 488, 199, 319, 59, 4]"
861,0,"[1122, 1123, 221, 222, 223, 165, 89, 274, 59, 4, 14]"
862,1,"[41, 171, 501, 23, 1]"
863,0,"[110, 33, 128, 6, 128, 412, 44, 6, 224, 1]"
864,0,"[2, 391, 17, 143, 111, 241, 40, 1]"
865,0,"[2, 8, 17, 143, 111, 241, 40, 1]"
866,0,"[50, 47, 137, 138, 132, 11, 187, 139, 17, 53, 1]"
867,0,"[7, 82, 1124, 1125, 7, 340, 712]"
868,0,"[25, 1126, 1127, 109, 245, 25, 206, 33, 1128, 25, 407, 12, 9, 1]"
869,1,"[7, 23, 188, 207, 11, 23, 1]"
870,0,"[5, 2, 50, 398, 53, 211, 62]"
871,0,"[31, 35, 97, 67, 15, 81, 627, 37, 31, 154, 24, 3]"
872,0,"[21, 6, 715, 3, 15, 2, 21, 6, 11, 396, 715, 230, 167, 1]"
873,1,"[10, 700, 85, 701, 10, 209, 23, 1]"
874,0,"[16, 3, 2, 648, 649, 217, 22, 8, 3, 1]"
875,0,"[55, 27, 626, 28, 12, 1]"
876,0,"[55, 82]"
877,0,"[12, 157, 42, 8, 101, 148, 149, 150, 27, 92]"
878,0,"[111, 341, 172, 240, 243, 284, 1]"
879,1,"[7, 77, 71, 7, 70, 409, 23, 608]"
880,0,"[31, 35, 97, 67, 15, 81, 679, 37, 31, 154, 24, 34]"
881,0,"[2, 336, 17, 38, 291, 337, 292, 1]"
882,0,"[5, 81, 61, 58, 18, 4]"
883,0,"[94, 51, 5, 2, 61, 405, 94, 51, 34]"
884,0,"[5, 2, 61, 166, 94, 500, 130, 18, 51]"
885,0,"[129, 1129, 496, 59, 4, 14]"
886,0,"[50, 47, 137, 138, 132, 11, 250, 187, 139, 17, 53, 1]"
887,0,"[7, 77, 71, 7, 82, 408, 11]"
888,0,"[16, 151, 5, 81, 238, 67, 324, 22, 8, 19, 1]"
889,0,"[55, 28, 125, 12, 27, 188, 408]"
890,1,"[25, 18, 9, 25, 492, 177, 9]"
891,0,"[16, 3, 60, 1130, 22, 8, 19, 1]"
892,0,"[5, 2, 61, 166, 94, 684, 1131, 130, 51]"
893,0,"[7, 73, 425]"
894,0,"[16, 3, 60, 532, 22, 217, 22, 8, 19, 1]"
895,1,"[13, 3, 83, 2, 331, 189, 186, 74, 26, 1]"
896,0,"[215, 63, 33, 5, 216, 342, 193, 8, 406, 62]"
897,0,"[50, 47, 137, 138, 132, 250, 187, 139, 17, 53, 1]"
898,0,"[4, 287, 112, 194, 288, 33, 1132, 189, 235, 4, 34]"
899,0,"[120, 11, 127, 136, 3, 1]"
900,1,"[13, 3, 83, 2, 716, 717, 186, 74, 3, 1]"
901,0,"[48, 3, 5, 441, 259, 656, 6, 3, 1]"
902,0,"[55, 1133, 401, 442, 443, 371, 82]"
903,0,"[718, 719, 720, 721, 407, 232, 10, 183]"
904,0,"[7, 77, 71, 422, 461, 74, 40]"
905,0,"[13, 2, 144, 263, 146, 1]"
906,0,"[10, 42, 710, 711, 513, 72, 145, 1, 18, 9]"
907,1,"[10, 323, 209, 64, 9]"
908,1,"[13, 3, 83, 2, 331, 189, 186, 74, 26, 1]"
909,1,"[13, 3, 83, 2, 1134, 189, 186, 74, 26, 1]"
910,1,"[13, 280, 65, 2, 716, 717, 186, 74, 26, 1]"
911,0,"[16, 3, 2, 61, 709, 130, 214, 6, 1135, 1136, 409, 3, 1]"
912,0,"[13, 326, 9, 326, 1137]"
913,0,"[31, 35, 97, 67, 15, 81, 631, 37, 244, 154, 24, 3, 1]"
914,0,"[13, 186, 74, 26, 385, 1]"
915,0,"[13, 2, 186, 74, 26, 38, 200, 1]"
916,0,"[50, 47, 137, 138, 132, 250, 139, 17, 399, 104, 17, 38, 213, 65, 62]"
917,0,"[5, 2, 61, 166, 94, 500, 130, 18, 51]"
918,0,"[16, 3, 15, 297, 90, 657, 81, 22, 8, 19, 1]"
919,0,"[215, 63, 33, 2, 423, 145, 406, 80, 62]"
920,1,"[25, 18, 9, 5, 2, 25, 438]"
921,0,"[55, 28, 125, 12, 188, 408]"
922,0,"[31, 35, 97, 67, 15, 81, 636, 37, 244, 154, 24, 114, 1]"
923,1,"[7, 1, 2, 461, 74, 9, 1]"
924,0,"[7, 77, 71, 237, 289]"
925,1,"[10, 371, 378, 29, 1, 43, 108]"
926,1,"[7, 23, 188, 207, 23, 1]"
927,0,"[78, 384, 193, 63, 22, 8, 19, 239, 1]"
928,1,"[10, 47, 140, 192, 10, 209, 184, 210, 1]"
929,0,"[55, 2, 304, 305, 82, 1]"
930,0,"[13, 326, 1138, 158, 178, 2, 109, 252, 158, 178, 239]"
931,0,"[5, 2, 11, 36, 175, 64, 99, 1, 175, 64, 677, 36, 191, 32, 249, 18, 46, 65, 91, 1]"
932,1,"[10, 301, 9, 1, 18, 9]"
933,0,"[21, 6, 483, 661, 15, 2, 21, 6, 396, 662, 663, 1]"
934,0,"[10, 6, 1139, 1140, 6, 1, 93]"
935,1,"[25, 5, 2, 25, 23, 11]"
936,1,"[10, 15, 1141, 339, 251, 525, 414, 9]"
937,0,"[2, 135, 11, 156, 51]"
938,0,"[8, 190, 15, 86, 12, 344, 102, 218, 40, 1]"
939,0,"[10, 122, 10, 410, 102]"
940,0,"[2, 32, 36, 3, 99, 161, 43, 91, 1]"
941,1,"[25, 5, 2, 377, 11]"
942,0,"[7, 1, 7, 70, 409, 78, 1142, 1143]"
943,0,"[7, 77, 71, 212, 1144, 7, 26, 14]"
944,0,"[2, 86, 144, 8, 158, 98, 43, 1]"
945,1,"[215, 63, 33, 5, 216, 342, 193, 8, 9, 34]"
946,0,"[2, 28, 1145, 432, 224, 43, 639, 58, 9]"
947,0,"[55, 322, 82]"
948,0,"[16, 3, 15, 533, 22, 8, 19, 1]"
949,0,"[16, 3, 60, 427, 546, 547, 160, 118, 85, 22, 8, 19, 1]"
950,1,"[215, 63, 33, 2, 423, 145, 439, 9, 34]"
951,1,"[10, 47, 140, 192, 126, 9, 1]"
952,0,"[5, 81, 61, 58, 4]"
953,0,"[10, 2, 339, 1146, 4, 14, 1]"
954,0,"[4, 34, 287, 112, 194, 288, 33, 332, 189, 235, 4, 34, 1147, 226]"
955,0,"[16, 3, 81, 660, 90, 353, 12, 354, 22, 8, 19, 1]"
956,0,"[16, 3, 60, 57, 22, 8, 18, 9, 1]"
957,0,"[2, 128, 147, 590, 65, 268, 53, 1]"
958,0,"[4, 287, 112, 194, 288, 33, 332, 189, 235, 4, 34]"
959,0,"[2, 261, 262, 323, 12, 46, 1]"
960,1,"[7, 9, 2, 536, 9, 1]"
961,1,"[13, 2, 514, 515, 185, 12, 40, 1]"
962,0,"[45, 76, 12, 33, 5, 2, 41, 248, 173, 521, 44, 87, 6, 54, 1]"
963,0,"[21, 30, 57, 30, 163, 3, 2, 21, 30, 6, 57, 30, 163, 18, 3, 1, 3, 43, 93]"
964,0,"[172, 234, 665, 395, 172, 240, 38, 666, 33, 38, 1]"
965,0,"[16, 3, 60, 415, 160, 214, 527, 528, 19, 1]"
966,0,"[718, 719, 720, 721, 407, 232, 10, 183]"
967,0,"[48, 3, 2, 255, 44, 6, 3, 1]"
968,0,"[48, 3, 2, 258, 6, 3, 1]"
969,0,"[48, 3, 2, 257, 179, 6, 3, 1]"
970,0,"[48, 3, 2, 112, 296, 6, 118, 18, 3, 1]"
971,0,"[48, 3, 2, 256, 197, 6, 118, 18, 3, 1]"
972,0,"[2, 1148, 1149, 231, 76, 41, 174, 118, 170, 191, 62]"
973,1,"[7, 9, 2, 7, 267, 9, 1]"
974,1,"[7, 9, 2, 356, 402, 9, 1]"
975,1,"[7, 9, 2, 355, 9, 1]"
976,1,"[7, 23, 698, 699, 237, 502, 400, 23, 1]"
977,0,"[50, 47, 137, 138, 132, 250, 17, 38, 213, 62]"
978,0,"[5, 2, 345, 10, 116, 6, 57, 219, 196, 1, 93]"
979,0,"[2, 135, 11, 156, 51]"
980,0,"[5, 180, 15, 27, 72, 220, 39, 161, 3, 1]"
981,1,"[41, 10, 25, 5, 2, 14, 73, 1]"
982,0,"[2, 86, 144, 8, 18, 11, 98, 43, 1]"
983,0,"[2, 17, 38, 213, 470, 668, 1]"
984,0,"[2, 228, 18, 11, 508, 87, 20, 1]"
985,0,"[41, 93, 62, 5, 2, 41, 99, 118, 170, 1]"
986,0,"[206, 505, 206, 49, 99, 673, 2, 32, 36, 3, 1, 84, 49, 674]"
987,0,"[6, 3, 15, 2, 202, 25, 1150, 1151, 6, 3, 1]"
988,0,"[12, 157, 42, 8, 101, 148, 149, 150, 27, 92]"
989,0,"[21, 6, 3, 2, 418, 295, 419, 6, 57, 219, 196, 313, 8, 3, 1]"
990,0,"[246, 2, 28, 8, 246, 142, 1]"
991,0,"[50, 667, 185, 5, 2, 17, 38, 211, 1]"
992,0,"[85, 130, 70, 183, 8, 130, 190, 218, 102, 40, 1]"
993,0,"[16, 3, 2, 424, 671, 197, 22, 8, 19, 1]"
994,0,"[16, 3, 2, 428, 37, 343, 294, 162, 429, 24]"
995,0,"[2, 260, 349, 350, 3, 1]"
996,1,"[10, 476, 216, 103, 10, 209, 64, 9]"
997,0,"[2, 11, 175, 64, 36, 99, 1, 46, 65, 91, 1]"
998,1,"[7, 2, 7, 70, 409, 9, 1]"
999,0,"[2, 352, 39, 310, 230, 56, 1]"
